{
  "rsi": 0.9712426999999999,
  "stoch_rsi": 1.18778335,
  "macd": 0.7194113,
  "bollinger": 1.3570254499999999,
  "obv": 1.01834205,
  "vwap": 1.05727255,
  "volume_surge": 1.05971775,
  "sma_cross": 1.4952138499999998,
  "breakout": 1.3988705,
  "candle_pattern": 0.9087088016125,
  "oil_correlation": 0.713415,
  "adx": 1.5466566999999998,
  "supertrend": 0.2666017757737601,
  "ichimoku": 1.219074,
  "mfi": 0.9586821499999999,
  "cmf": 1.16518805,
  "fibonacci": 0.9195632,
  "relative_strength": 1.1096309999999998,
  "weekly_trend": 0.850578
}