{
  "rsi": 1.0182317805458108,
  "stoch_rsi": 1.0232599227321064,
  "macd": 0.9404686670841003,
  "bollinger": 1.7233757788508697,
  "obv": 1.1114296480179475,
  "vwap": 0.9858676767320731,
  "volume_surge": 1.2057513337936496,
  "sma_cross": 1.715173022173877,
  "breakout": 2.142528579169654,
  "candle_pattern": 0.2,
  "oil_correlation": 1.1081877533905071,
  "adx": 2.4015511065375,
  "supertrend": 0.3098494400269727,
  "ichimoku": 0.2,
  "mfi": 0.866116649448473,
  "cmf": 1.1174148030753892,
  "fibonacci": 0.8685478949687041,
  "relative_strength": 1.0936909409768578,
  "weekly_trend": 0.6582116695766531
}