{
  "rsi": 0.8938289547464129,
  "stoch_rsi": 0.5025548499999999,
  "macd": 1.669565355685082,
  "bollinger": 1.1507659602899087,
  "obv": 0.5909443115382047,
  "vwap": 0.7098306353265984,
  "volume_surge": 1.6339151217271024,
  "sma_cross": 1.801146874704191,
  "breakout": 2.3984361797586073,
  "candle_pattern": 0.2,
  "oil_correlation": 1.2009089403244915,
  "adx": 2.6080537972824818,
  "supertrend": 0.6819364075894675,
  "ichimoku": 0.2,
  "mfi": 1.1557695086342896,
  "cmf": 1.9835157397438121,
  "fibonacci": 0.6275568016179015,
  "relative_strength": 1.0039122847290778,
  "weekly_trend": 0.4226806580067502
}