{
  "rsi": 1.0135412499999998,
  "stoch_rsi": 1.1177574499999998,
  "macd": 0.8373794,
  "bollinger": 1.6300768499999998,
  "obv": 1.0478086500000001,
  "vwap": 0.9788104999999999,
  "volume_surge": 1.0848683000000001,
  "sma_cross": 1.77057365,
  "breakout": 1.4306109999999999,
  "candle_pattern": 0.889331,
  "oil_correlation": 0.7998805,
  "adx": 2.0361569,
  "supertrend": 0.28642469235417434,
  "ichimoku": 1.2591725,
  "mfi": 1.1113062999999999,
  "cmf": 1.17612985,
  "fibonacci": 0.9191933,
  "relative_strength": 1.1457198,
  "weekly_trend": 0.8148603999999999
}