{
  "rsi": 0.98760164656109,
  "stoch_rsi": 0.9757641346492052,
  "macd": 1.0255739366017331,
  "bollinger": 1.6777846666459024,
  "obv": 1.0441435049550496,
  "vwap": 1.010355895707039,
  "volume_surge": 1.2229471901279072,
  "sma_cross": 1.7108651692271866,
  "breakout": 2.1324513674342493,
  "candle_pattern": 0.2,
  "oil_correlation": 1.1711849466643725,
  "adx": 2.4928374998756087,
  "supertrend": 0.35971065052772677,
  "ichimoku": 0.2,
  "mfi": 0.9312303048143882,
  "cmf": 1.2417441169776995,
  "fibonacci": 0.8236357374298415,
  "relative_strength": 1.0565594378406669,
  "weekly_trend": 0.5727696816708665
}