{
  "rsi": 0.9918720000000001,
  "stoch_rsi": 1.0447280816126996,
  "macd": 0.8420673499999999,
  "bollinger": 1.6338784942775,
  "obv": 0.8612369758354776,
  "vwap": 0.8400073329910467,
  "volume_surge": 1.0638844733902917,
  "sma_cross": 1.76163932725,
  "breakout": 1.358862612308516,
  "candle_pattern": 0.8278871402119503,
  "oil_correlation": 0.8280390000000001,
  "adx": 1.7242663828244238,
  "supertrend": 0.28949479822468244,
  "ichimoku": 0.9105171965602593,
  "mfi": 1.1213047999999999,
  "cmf": 1.0108705335211403,
  "fibonacci": 0.8411020714098489,
  "relative_strength": 0.8828225704639491,
  "weekly_trend": 0.8357174378273247
}