{
  "rsi": 0.9397775,
  "stoch_rsi": 1.3104149999999999,
  "macd": 0.5509315,
  "bollinger": 1.1188775,
  "obv": 0.9515185,
  "vwap": 0.989627,
  "volume_surge": 1.0934055,
  "sma_cross": 1.1910150000000002,
  "breakout": 1.3816570000000001,
  "candle_pattern": 0.887938,
  "oil_correlation": 0.5947115000000001,
  "adx": 1.1330065,
  "supertrend": 0.2586911803760529,
  "ichimoku": 1.1274345,
  "mfi": 0.7880400000000001,
  "cmf": 1.4675255,
  "fibonacci": 0.8245565,
  "relative_strength": 0.9614685000000001,
  "weekly_trend": 1.048929
}