{
  "rsi": 0.9655206468094844,
  "stoch_rsi": 0.8496581691923463,
  "macd": 1.0644865131074568,
  "bollinger": 0.7724165174475874,
  "obv": 0.5431282828766886,
  "vwap": 0.8667961606732144,
  "volume_surge": 2.9479664630273748,
  "sma_cross": 0.868968582128536,
  "breakout": 2.2574343335272515,
  "candle_pattern": 0.6082780074899752,
  "oil_correlation": 0.6717609900176987,
  "adx": 2.7023025911084266,
  "supertrend": 1.158624776171381,
  "ichimoku": 0.3459383620566269,
  "mfi": 0.8689685821285359,
  "cmf": 1.9653109753515836,
  "fibonacci": 0.7262885030280865,
  "relative_strength": 1.7368296426783845,
  "weekly_trend": 0.4497198706736151
}