{
  "rsi": 0.9777865,
  "stoch_rsi": 0.9646525,
  "macd": 0.570135,
  "bollinger": 1.558767,
  "obv": 0.35790150000000004,
  "vwap": 0.8193825,
  "volume_surge": 0.6460535,
  "sma_cross": 1.575071632339398,
  "breakout": 1.0434565,
  "candle_pattern": 0.3111365,
  "oil_correlation": 0.95719,
  "adx": 0.9738065,
  "supertrend": 0.2845398434871471,
  "ichimoku": 0.3831745,
  "mfi": 0.8112235,
  "cmf": 1.048332,
  "fibonacci": 0.4920275,
  "relative_strength": 0.398398,
  "weekly_trend": 0.3875525
}