{
  "rsi": 0.9660419499999999,
  "stoch_rsi": 1.0463689999999999,
  "macd": 0.8907716999999999,
  "bollinger": 1.6752999,
  "obv": 1.0336713,
  "vwap": 0.92579635,
  "volume_surge": 1.0988703499999999,
  "sma_cross": 1.78032785,
  "breakout": 1.4559835,
  "candle_pattern": 0.845153,
  "oil_correlation": 0.8528144999999999,
  "adx": 2.03302265,
  "supertrend": 0.2934524283838159,
  "ichimoku": 1.1172855,
  "mfi": 1.1659110999999998,
  "cmf": 1.0799052,
  "fibonacci": 0.9381664,
  "relative_strength": 1.2033953,
  "weekly_trend": 0.6830001
}