{
  "rsi": 0.9933084999999999,
  "stoch_rsi": 1.0698239999999999,
  "macd": 0.547648,
  "bollinger": 1.511803,
  "obv": 0.4753115,
  "vwap": 0.8607745,
  "volume_surge": 0.6753064999999999,
  "sma_cross": 1.567196274177701,
  "breakout": 1.1015645,
  "candle_pattern": 0.39013950000000003,
  "oil_correlation": 0.8983855000000001,
  "adx": 1.028631,
  "supertrend": 0.28311714426971135,
  "ichimoku": 0.5499364999999999,
  "mfi": 0.798388,
  "cmf": 1.1851445,
  "fibonacci": 0.5331210000000001,
  "relative_strength": 0.5272505000000001,
  "weekly_trend": 0.5535185
}