{
  "rsi": 0.968014807914393,
  "stoch_rsi": 0.8623957671144585,
  "macd": 0.6315576287270873,
  "bollinger": 1.638382640772021,
  "obv": 0.2549378747835127,
  "vwap": 0.7817875441113556,
  "volume_surge": 0.6645210851707677,
  "sma_cross": 1.6313184368911686,
  "breakout": 1.046327120524233,
  "candle_pattern": 0.2,
  "oil_correlation": 1.0367976899385545,
  "adx": 0.9640490759520597,
  "supertrend": 0.29470094132880026,
  "ichimoku": 0.2,
  "mfi": 0.8359407752438911,
  "cmf": 0.913708221858792,
  "fibonacci": 0.4939249470118715,
  "relative_strength": 0.283302453782849,
  "weekly_trend": 0.2
}