{
  "rsi": 0.985074875,
  "stoch_rsi": 0.7880599,
  "macd": 0.985074875,
  "bollinger": 0.7880599,
  "obv": 0.718119583875,
  "vwap": 0.8843509690312499,
  "volume_surge": 1.7196452092874999,
  "sma_cross": 0.8865673875000001,
  "breakout": 1.4392682729906252,
  "candle_pattern": 0.6895524125,
  "oil_correlation": 0.4925374375,
  "adx": 1.5763414418468746,
  "supertrend": 1.1820898499999999,
  "ichimoku": 0.6761307673281249,
  "mfi": 0.8865673875,
  "cmf": 1.1464301395250003,
  "fibonacci": 0.6737912145,
  "relative_strength": 1.3707316885625003,
  "weekly_trend": 0.8789699975265625
}