{
  "rsi": 0.990025,
  "stoch_rsi": 0.7920200000000001,
  "macd": 0.990025,
  "bollinger": 0.7920200000000001,
  "obv": 0.80192025,
  "vwap": 0.8887949437499999,
  "volume_surge": 1.5711696749999997,
  "sma_cross": 0.990025,
  "breakout": 1.3776197875,
  "candle_pattern": 0.6930175,
  "oil_correlation": 0.4950125,
  "adx": 1.3776197874999998,
  "supertrend": 1.18803,
  "ichimoku": 0.7994451874999999,
  "mfi": 0.8910224999999999,
  "cmf": 1.0019053000000002,
  "fibonacci": 0.7128180000000001,
  "relative_strength": 1.1979302500000002,
  "weekly_trend": 1.03927874375
}