{
  "rsi": 0.9538512959905818,
  "stoch_rsi": 0.8754621491228863,
  "macd": 0.7129935223373144,
  "bollinger": 1.6144106396428894,
  "obv": 0.30143187668042215,
  "vwap": 0.7703488170253879,
  "volume_surge": 0.7508830024177421,
  "sma_cross": 1.6560349657594997,
  "breakout": 1.294534434375207,
  "candle_pattern": 0.2,
  "oil_correlation": 1.0539284840933525,
  "adx": 1.1056780619828672,
  "supertrend": 0.2991660317483991,
  "ichimoku": 0.2,
  "mfi": 0.8362535075879529,
  "cmf": 0.927552052181609,
  "fibonacci": 0.5327758430337206,
  "relative_strength": 0.31997672527539417,
  "weekly_trend": 0.2
}