{
  "rsi": 0.9490820395106289,
  "stoch_rsi": 0.8710848383772719,
  "macd": 0.7094285547256278,
  "bollinger": 1.606338586444675,
  "obv": 0.29992471729702,
  "vwap": 0.766497072940261,
  "volume_surge": 0.7471285874056534,
  "sma_cross": 1.6477547909307022,
  "breakout": 1.288061762203331,
  "candle_pattern": 0.2,
  "oil_correlation": 1.0486588416728857,
  "adx": 1.1001496716729529,
  "supertrend": 0.2976702015896571,
  "ichimoku": 0.2,
  "mfi": 0.8320722400500131,
  "cmf": 0.922914291920701,
  "fibonacci": 0.530111963818552,
  "relative_strength": 0.3183768416490172,
  "weekly_trend": 0.2
}