{
  "rsi": 0.9412699999999999,
  "stoch_rsi": 1.306832005,
  "macd": 0.5432313254444999,
  "bollinger": 1.1313005725,
  "obv": 0.9204347760423708,
  "vwap": 0.9875190900600046,
  "volume_surge": 1.0764971388741418,
  "sma_cross": 1.1824227148125,
  "breakout": 1.3641720514990134,
  "candle_pattern": 0.8845933075,
  "oil_correlation": 0.5688415,
  "adx": 1.1055753292186654,
  "supertrend": 0.25999113605633456,
  "ichimoku": 1.086527854411941,
  "mfi": 0.7771014675,
  "cmf": 1.4550767498138522,
  "fibonacci": 0.8040433208548912,
  "relative_strength": 0.9104537766972536,
  "weekly_trend": 1.0032005560529196
}