{
  "rsi": 1.0131406216430816,
  "stoch_rsi": 1.018143623118446,
  "macd": 0.9357663237486797,
  "bollinger": 1.7147588999566152,
  "obv": 1.1056236784654077,
  "vwap": 0.9809383383484127,
  "volume_surge": 1.2177184157815515,
  "sma_cross": 1.7065971570630076,
  "breakout": 2.1637931753179127,
  "candle_pattern": 0.2,
  "oil_correlation": 1.0861071124042012,
  "adx": 2.3537002007397403,
  "supertrend": 0.3083001928268378,
  "ichimoku": 0.2,
  "mfi": 0.8617860662012307,
  "cmf": 1.1118277290600123,
  "fibonacci": 0.8640107093338744,
  "relative_strength": 1.071899148977894,
  "weekly_trend": 0.6547732540912433
}