{
  "rsi": 0.9793784999999999,
  "stoch_rsi": 1.307629,
  "macd": 0.442974,
  "bollinger": 1.260267,
  "obv": 0.7383895,
  "vwap": 1.055098,
  "volume_surge": 0.823263,
  "sma_cross": 1.2964849999999999,
  "breakout": 1.1893235,
  "candle_pattern": 0.783065,
  "oil_correlation": 0.516206,
  "adx": 1.0323125000000002,
  "supertrend": 0.2719886710168551,
  "ichimoku": 0.931917,
  "mfi": 0.7113254999999999,
  "cmf": 1.7388620000000001,
  "fibonacci": 0.678391,
  "relative_strength": 0.7921195,
  "weekly_trend": 0.9042560000000001
}