{
  "rsi": 0.9369146928798039,
  "stoch_rsi": 0.34961176740743444,
  "macd": 1.8337327924496856,
  "bollinger": 0.749531754303843,
  "obv": 0.3518288338392809,
  "vwap": 0.8155202375115865,
  "volume_surge": 2.7786092633758503,
  "sma_cross": 1.369587086216809,
  "breakout": 2.5763324296588253,
  "candle_pattern": 0.24653588893714024,
  "oil_correlation": 1.1120154611899131,
  "adx": 3.0,
  "supertrend": 1.1242976314557644,
  "ichimoku": 0.2,
  "mfi": 0.8432232235918236,
  "cmf": 2.7925984454936437,
  "fibonacci": 0.6830169456211013,
  "relative_strength": 1.6987838373714308,
  "weekly_trend": 0.2
}