{
  "rsi": 1.0080749185348663,
  "stoch_rsi": 1.0130529050028538,
  "macd": 0.9310874921299364,
  "bollinger": 1.7061851054568322,
  "obv": 1.1000955600730806,
  "vwap": 0.9760336466566707,
  "volume_surge": 1.2116298237026437,
  "sma_cross": 1.6980641712776925,
  "breakout": 2.1529742094413233,
  "candle_pattern": 0.2,
  "oil_correlation": 1.0806765768421802,
  "adx": 2.3419316997360418,
  "supertrend": 0.3067586918627036,
  "ichimoku": 0.2,
  "mfi": 0.8574771358702244,
  "cmf": 1.1062685904147123,
  "fibonacci": 0.8596906557872049,
  "relative_strength": 1.0665396532330045,
  "weekly_trend": 0.6514993878207871
}