{
  "rsi": 0.9947645468297991,
  "stoch_rsi": 1.0039197197831713,
  "macd": 0.9858122468431072,
  "bollinger": 1.712177020318871,
  "obv": 1.077045951201192,
  "vwap": 1.0295128813599528,
  "volume_surge": 1.2096827179240872,
  "sma_cross": 1.7055175903667352,
  "breakout": 2.1217891105970783,
  "candle_pattern": 0.2,
  "oil_correlation": 1.1653290219310506,
  "adx": 2.4862613186633613,
  "supertrend": 0.3405384680925617,
  "ichimoku": 0.2,
  "mfi": 0.9189019073032213,
  "cmf": 1.2011747774749677,
  "fibonacci": 0.8385622911198845,
  "relative_strength": 1.0658936484560244,
  "weekly_trend": 0.5846340832837585
}