{
  "rsi": 0.946354579813443,
  "stoch_rsi": 0.4887671721371329,
  "macd": 1.4005357829603116,
  "bollinger": 0.7570836638507543,
  "obv": 0.33845112986736103,
  "vwap": 0.823737014228516,
  "volume_surge": 2.429961168610002,
  "sma_cross": 1.1432945167022945,
  "breakout": 2.3657184319577103,
  "candle_pattern": 0.3446641689428384,
  "oil_correlation": 1.0211087058774118,
  "adx": 3.0,
  "supertrend": 1.1356254957761314,
  "ichimoku": 0.2,
  "mfi": 0.8517191218320987,
  "cmf": 2.1328811190251447,
  "fibonacci": 0.6898986850040163,
  "relative_strength": 1.7158999392656051,
  "weekly_trend": 0.2
}