{
  "rsi": 1.0064425000000001,
  "stoch_rsi": 1.1587770000000002,
  "macd": 0.5286435,
  "bollinger": 1.4721025,
  "obv": 0.5746125,
  "vwap": 0.8957984999999999,
  "volume_surge": 0.6999825000000001,
  "sma_cross": 1.5593602928068124,
  "breakout": 1.1507175,
  "candle_pattern": 0.456904,
  "oil_correlation": 0.848735,
  "adx": 1.0749980000000001,
  "supertrend": 0.2817015585483628,
  "ichimoku": 0.690928,
  "mfi": 0.7875424999999999,
  "cmf": 1.3008629999999999,
  "fibonacci": 0.5678465,
  "relative_strength": 0.636203,
  "weekly_trend": 0.6938135000000001
}