{
  "rsi": 0.998019371222481,
  "stoch_rsi": 1.0029477022754505,
  "macd": 0.9217998943959402,
  "bollinger": 1.6891659090299005,
  "obv": 1.0891221068613517,
  "vwap": 0.9662977110312704,
  "volume_surge": 1.1995438162112098,
  "sma_cross": 1.6811259811691974,
  "breakout": 2.131498291702146,
  "candle_pattern": 0.2,
  "oil_correlation": 1.0698968279881795,
  "adx": 2.3185709310311746,
  "supertrend": 0.3036987739113731,
  "ichimoku": 0.2,
  "mfi": 0.848923801439919,
  "cmf": 1.0952335612253254,
  "fibonacci": 0.8511152414957275,
  "relative_strength": 1.0559009201920053,
  "weekly_trend": 0.6450006814272747
}