{
  "rsi": 0.9352999999999999,
  "stoch_rsi": 1.2546298274999999,
  "macd": 0.5926159913939999,
  "bollinger": 1.080172,
  "obv": 0.9896334255957587,
  "vwap": 1.099467319761107,
  "volume_surge": 1.09698090125154,
  "sma_cross": 1.2973805,
  "breakout": 1.3866180695878705,
  "candle_pattern": 0.9132751775,
  "oil_correlation": 0.6880425,
  "adx": 1.1195006683003494,
  "supertrend": 0.25355603126168,
  "ichimoku": 1.2005344150194242,
  "mfi": 0.812716,
  "cmf": 1.2787246337230769,
  "fibonacci": 0.8664918209562524,
  "relative_strength": 1.1015438347212874,
  "weekly_trend": 1.0513059830543123
}