{
  "rsi": 0.9777865,
  "stoch_rsi": 1.312206,
  "macd": 0.455909,
  "bollinger": 1.24972,
  "obv": 0.789234,
  "vwap": 1.0575854999999998,
  "volume_surge": 0.856496,
  "sma_cross": 1.172906,
  "breakout": 1.2084275,
  "candle_pattern": 0.8092335,
  "oil_correlation": 0.497301,
  "adx": 1.075794,
  "supertrend": 0.2706287276617708,
  "ichimoku": 1.0037559999999999,
  "mfi": 0.7127185,
  "cmf": 1.76911,
  "fibonacci": 0.697893,
  "relative_strength": 0.8463470000000001,
  "weekly_trend": 0.971916
}