{
  "rsi": 0.9416228069143757,
  "stoch_rsi": 0.41337483583498014,
  "macd": 1.6025630696523363,
  "bollinger": 0.7532982455315005,
  "obv": 0.33675887421802425,
  "vwap": 0.8196183291573734,
  "volume_surge": 2.5387019309052996,
  "sma_cross": 1.2513358485306614,
  "breakout": 2.3538898397979215,
  "candle_pattern": 0.29149972088340553,
  "oil_correlation": 1.1176034785828273,
  "adx": 3.0,
  "supertrend": 1.1299473682972507,
  "ichimoku": 0.2,
  "mfi": 0.8474605262229382,
  "cmf": 2.4405492204445216,
  "fibonacci": 0.6864491915789962,
  "relative_strength": 1.7073204395692771,
  "weekly_trend": 0.2
}