{
  "rsi": 1.0213073499999998,
  "stoch_rsi": 1.15009725,
  "macd": 0.79866997045,
  "bollinger": 1.5113547,
  "obv": 1.03150085,
  "vwap": 1.0280950500000001,
  "volume_surge": 1.08961925,
  "sma_cross": 1.6387504000000002,
  "breakout": 1.409716,
  "candle_pattern": 0.905848,
  "oil_correlation": 0.741275,
  "adx": 1.79746635,
  "supertrend": 0.2756881368264239,
  "ichimoku": 1.2335015,
  "mfi": 1.0805068999999998,
  "cmf": 1.1325937,
  "fibonacci": 0.94134305,
  "relative_strength": 1.1676866499999998,
  "weekly_trend": 0.8886550999999999
}