{
  "rsi": 0.966742,
  "stoch_rsi": 1.3267275275,
  "macd": 0.49282336318750003,
  "bollinger": 1.2207655000000002,
  "obv": 0.8574621414291731,
  "vwap": 1.0314885133993015,
  "volume_surge": 0.995294978226903,
  "sma_cross": 0.9829172174999998,
  "breakout": 1.2767635666301107,
  "candle_pattern": 0.8887339999999999,
  "oil_correlation": 0.46078563224367197,
  "adx": 1.0858166264394729,
  "supertrend": 0.2665895600728279,
  "ichimoku": 1.0502966047451487,
  "mfi": 0.7334145,
  "cmf": 1.6471551682026795,
  "fibonacci": 0.6712376957150867,
  "relative_strength": 0.8816617457600184,
  "weekly_trend": 0.9696106566909181
}