{
  "rsi": 0.9660536499999999,
  "stoch_rsi": 1.0609083,
  "macd": 0.8675039499999999,
  "bollinger": 1.64245925,
  "obv": 1.0260409,
  "vwap": 0.9097449499999999,
  "volume_surge": 1.1153757999999998,
  "sma_cross": 1.77173125,
  "breakout": 1.4358845,
  "candle_pattern": 0.8408745,
  "oil_correlation": 0.852317,
  "adx": 1.9457512000000001,
  "supertrend": 0.29210686056542134,
  "ichimoku": 1.0776845,
  "mfi": 1.14893085,
  "cmf": 1.06530675,
  "fibonacci": 0.91306515,
  "relative_strength": 1.1634289500000001,
  "weekly_trend": 0.76414235
}