{
  "rsi": 0.991219,
  "stoch_rsi": 1.305639,
  "macd": 0.41581049999999997,
  "bollinger": 1.302057,
  "obv": 0.8758984999999999,
  "vwap": 1.007338,
  "volume_surge": 0.8914205000000001,
  "sma_cross": 1.5667292786052096,
  "breakout": 1.263451,
  "candle_pattern": 0.734907,
  "oil_correlation": 0.584861,
  "adx": 1.189224,
  "supertrend": 0.2747290937267797,
  "ichimoku": 1.0872365,
  "mfi": 0.7212755,
  "cmf": 1.660655,
  "fibonacci": 0.66864,
  "relative_strength": 0.963359,
  "weekly_trend": 1.079177
}