{
  "rsi": 0.8627729922571086,
  "stoch_rsi": 0.3928999999999999,
  "macd": 2.003122622448558,
  "bollinger": 0.9455259178986015,
  "obv": 0.4847,
  "vwap": 0.7336925801332397,
  "volume_surge": 2.139893927748836,
  "sma_cross": 1.8416877102505147,
  "breakout": 2.6440491324100144,
  "candle_pattern": 0.2,
  "oil_correlation": 1.2069436586175795,
  "adx": 2.7539039770372753,
  "supertrend": 0.8498728034306784,
  "ichimoku": 0.2,
  "mfi": 1.2215821801309517,
  "cmf": 2.431559891525286,
  "fibonacci": 0.6204508825457578,
  "relative_strength": 1.2066567151280223,
  "weekly_trend": 0.35929999999999995
}