{
  "rsi": 0.9109153851415208,
  "stoch_rsi": 0.6743294530249999,
  "macd": 1.4512639812661867,
  "bollinger": 1.3095789223720324,
  "obv": 0.6918887618313242,
  "vwap": 0.80526053563231,
  "volume_surge": 1.364957094615669,
  "sma_cross": 1.7681165360018667,
  "breakout": 2.175638885776583,
  "candle_pattern": 0.2,
  "oil_correlation": 1.194904395622869,
  "adx": 2.5632423265053874,
  "supertrend": 0.5649687078860641,
  "ichimoku": 0.2,
  "mfi": 1.063218560822326,
  "cmf": 1.676080888120045,
  "fibonacci": 0.6638315302753333,
  "relative_strength": 0.9566270517202566,
  "weekly_trend": 0.44574898201829904
}