{
  "rsi": 0.9558895783575597,
  "stoch_rsi": 0.6833103769088114,
  "macd": 1.2301277266474928,
  "bollinger": 0.7647116626860477,
  "obv": 0.3787935681887897,
  "vwap": 0.8320365791050892,
  "volume_surge": 2.750077591040661,
  "sma_cross": 1.0041858993040753,
  "breakout": 2.275765938529893,
  "candle_pattern": 0.48185028908041233,
  "oil_correlation": 0.852394123846035,
  "adx": 2.85821651159244,
  "supertrend": 1.1470674940290715,
  "ichimoku": 0.20570819567840845,
  "mfi": 0.8603006205218038,
  "cmf": 2.176132292369052,
  "fibonacci": 0.6968497613737191,
  "relative_strength": 1.6506557090459284,
  "weekly_trend": 0.2634686250068286
}