{
  "rsi": 0.9625520620456196,
  "stoch_rsi": 0.8773004281982268,
  "macd": 1.1646256852959975,
  "bollinger": 1.5575101775844717,
  "obv": 0.9290794140017076,
  "vwap": 0.9433614502767951,
  "volume_surge": 1.2693347573224698,
  "sma_cross": 1.7295663410420714,
  "breakout": 2.1539368878909615,
  "candle_pattern": 0.2,
  "oil_correlation": 1.1829852242765309,
  "adx": 2.515835252306263,
  "supertrend": 0.4267582410622013,
  "ichimoku": 0.2,
  "mfi": 0.9743442982822804,
  "cmf": 1.3836203208179132,
  "fibonacci": 0.7714356572728098,
  "relative_strength": 1.02391650147088,
  "weekly_trend": 0.5312783416021066
}