{
  "rsi": 1.012313,
  "stoch_rsi": 1.239173,
  "macd": 0.4454615,
  "bollinger": 1.402353,
  "obv": 0.740678,
  "vwap": 0.967538,
  "volume_surge": 0.772717,
  "sma_cross": 1.5904672003792701,
  "breakout": 1.2200689999999998,
  "candle_pattern": 0.635606,
  "oil_correlation": 0.7495335,
  "adx": 1.1244495,
  "supertrend": 0.2788915855018429,
  "ichimoku": 0.8896295,
  "mfi": 0.74625,
  "cmf": 1.4814554999999998,
  "fibonacci": 0.5915275,
  "relative_strength": 0.8316209999999999,
  "weekly_trend": 0.8969925
}