{
  "rsi": 0.9583588602054469,
  "stoch_rsi": 0.8537933693374917,
  "macd": 0.6252578413805346,
  "bollinger": 1.62203977393032,
  "obv": 0.2523948694825472,
  "vwap": 0.7739892133588449,
  "volume_surge": 0.6578924873461893,
  "sma_cross": 1.6150460354831793,
  "breakout": 1.0358900074970039,
  "candle_pattern": 0.2,
  "oil_correlation": 1.0264556329814174,
  "adx": 0.9544326864194379,
  "supertrend": 0.2917612994390455,
  "ichimoku": 0.2,
  "mfi": 0.8276022660108333,
  "cmf": 0.9045939823457505,
  "fibonacci": 0.4889980456654281,
  "relative_strength": 0.28047651180636507,
  "weekly_trend": 0.2
}