{
  "rsi": 0.9091562615825302,
  "stoch_rsi": 0.2,
  "macd": 2.517193027563185,
  "bollinger": 0.7273250092660242,
  "obv": 0.23759694802952033,
  "vwap": 0.7403470252953991,
  "volume_surge": 2.970075,
  "sma_cross": 1.8762121121911655,
  "breakout": 2.9148141916795822,
  "candle_pattern": 0.2,
  "oil_correlation": 1.2130087021282205,
  "adx": 2.970075,
  "supertrend": 1.090987513899036,
  "ichimoku": 0.2,
  "mfi": 1.2081905978492193,
  "cmf": 2.970075,
  "fibonacci": 0.6050417353985625,
  "relative_strength": 1.5561514396148883,
  "weekly_trend": 0.2
}