{
  "rsi": 0.9564935,
  "stoch_rsi": 1.336882,
  "macd": 0.512624,
  "bollinger": 1.2077309999999999,
  "obv": 0.8932115,
  "vwap": 1.028034,
  "volume_surge": 1.0155965,
  "sma_cross": 0.9990795,
  "breakout": 1.310216,
  "candle_pattern": 0.8921169999999999,
  "oil_correlation": 0.46456549999999996,
  "adx": 1.113007,
  "supertrend": 0.2652566122724638,
  "ichimoku": 1.0982809999999998,
  "mfi": 0.742071,
  "cmf": 1.6915995,
  "fibonacci": 0.698291,
  "relative_strength": 0.925151,
  "weekly_trend": 1.0240539999999998
}