{
  "rsi": 0.9357975,
  "stoch_rsi": 1.2930025,
  "macd": 0.5630704999999999,
  "bollinger": 1.106838,
  "obv": 0.980672,
  "vwap": 0.990224,
  "volume_surge": 1.1162904999999999,
  "sma_cross": 1.20196,
  "breakout": 1.3980745,
  "candle_pattern": 0.888734,
  "oil_correlation": 0.6202829999999999,
  "adx": 1.1604685,
  "supertrend": 0.2573977244741726,
  "ichimoku": 1.1658415,
  "mfi": 0.7951045,
  "cmf": 1.4637445,
  "fibonacci": 0.8400785000000001,
  "relative_strength": 1.011318,
  "weekly_trend": 1.0910175
}