{
  "rsi": 0.963031219033521,
  "stoch_rsi": 0.8452767804783503,
  "macd": 0.6005895472816237,
  "bollinger": 1.6299478260931453,
  "obv": 0.22816358909445125,
  "vwap": 0.7777627010199242,
  "volume_surge": 0.6223175559004177,
  "sma_cross": 1.5989359512792345,
  "breakout": 0.9798752076461674,
  "candle_pattern": 0.2,
  "oil_correlation": 1.0162167380424278,
  "adx": 0.9305291208959778,
  "supertrend": 0.28885098047714103,
  "ichimoku": 0.2,
  "mfi": 0.8316371374084858,
  "cmf": 0.8955706573718517,
  "fibonacci": 0.4626600243925979,
  "relative_strength": 0.2574103969576879,
  "weekly_trend": 0.2
}