{
  "rsi": 1.003034543942192,
  "stoch_rsi": 1.0079876404778396,
  "macd": 0.9264320546692867,
  "bollinger": 1.6976541799295481,
  "obv": 1.0945950822727153,
  "vwap": 0.9711534784233873,
  "volume_surge": 1.2055716745841305,
  "sma_cross": 1.689573850421304,
  "breakout": 2.1422093383941165,
  "candle_pattern": 0.2,
  "oil_correlation": 1.0752731939579694,
  "adx": 2.3302220412373615,
  "supertrend": 0.30522489840339007,
  "ichimoku": 0.2,
  "mfi": 0.8531897501908733,
  "cmf": 1.1007372474626387,
  "fibonacci": 0.8553922025082689,
  "relative_strength": 1.0612069549668395,
  "weekly_trend": 0.6482418908816832
}