{
  "rsi": 0.9229311239742362,
  "stoch_rsi": 0.20212533503374053,
  "macd": 2.4336492116067006,
  "bollinger": 0.738344899179389,
  "obv": 0.2837609894488481,
  "vwap": 0.7515642151520706,
  "volume_surge": 3.0,
  "sma_cross": 1.904639088669443,
  "breakout": 2.9589772977202187,
  "candle_pattern": 0.2,
  "oil_correlation": 1.4486909549158058,
  "adx": 3.0,
  "supertrend": 1.107517348769083,
  "ichimoku": 0.2,
  "mfi": 1.1149965518649896,
  "cmf": 3.0,
  "fibonacci": 0.6142088797042586,
  "relative_strength": 1.755254548673423,
  "weekly_trend": 0.2
}