{
  "rsi": 1.0048505,
  "stoch_rsi": 1.274993,
  "macd": 0.4297405,
  "bollinger": 1.369518,
  "obv": 0.7951045,
  "vwap": 0.9821645,
  "volume_surge": 0.817691,
  "sma_cross": 1.5825148643773739,
  "breakout": 1.2407650000000001,
  "candle_pattern": 0.686948,
  "oil_correlation": 0.697893,
  "adx": 1.1560905,
  "supertrend": 0.2774971275743337,
  "ichimoku": 0.9736075000000001,
  "mfi": 0.7385885,
  "cmf": 1.551404,
  "fibonacci": 0.6158055,
  "relative_strength": 0.8892315000000001,
  "weekly_trend": 0.9769905
}