{
  "rsi": 1.003228317532834,
  "stoch_rsi": 1.0371887040833838,
  "macd": 0.9388293471436151,
  "bollinger": 1.752815446725183,
  "obv": 1.1159238847406003,
  "vwap": 1.0521490102805098,
  "volume_surge": 1.1940092550782693,
  "sma_cross": 1.6991988256773851,
  "breakout": 2.100624264218873,
  "candle_pattern": 0.2,
  "oil_correlation": 1.1537048649372883,
  "adx": 2.4784908223847495,
  "supertrend": 0.3178843824679358,
  "ichimoku": 0.2,
  "mfi": 0.904334521781157,
  "cmf": 1.1532375489441307,
  "fibonacci": 0.8561996898103221,
  "relative_strength": 1.076923066063211,
  "weekly_trend": 0.5986532055684715
}