{
  "rsi": 0.9930292743663686,
  "stoch_rsi": 0.9979329637640733,
  "macd": 0.9171908949239606,
  "bollinger": 1.680720079484751,
  "obv": 1.0836764963270449,
  "vwap": 0.961466222476114,
  "volume_surge": 1.1935460971301537,
  "sma_cross": 1.6727203512633515,
  "breakout": 2.120840800243635,
  "candle_pattern": 0.2,
  "oil_correlation": 1.0645473438482387,
  "adx": 2.306978076376019,
  "supertrend": 0.30218028004181624,
  "ichimoku": 0.2,
  "mfi": 0.8446791824327193,
  "cmf": 1.0897573934191989,
  "fibonacci": 0.8468596652882489,
  "relative_strength": 1.0506214155910454,
  "weekly_trend": 0.6417756780201384
}