{
  "rsi": 0.9511101304657719,
  "stoch_rsi": 0.5779097512706272,
  "macd": 1.2239770880142553,
  "bollinger": 0.7608881043726174,
  "obv": 0.3580546203304534,
  "vwap": 0.8278763962095638,
  "volume_surge": 2.8731435632397306,
  "sma_cross": 0.999164969807555,
  "breakout": 2.377606464279106,
  "candle_pattern": 0.4075248819897587,
  "oil_correlation": 0.9329453685494854,
  "adx": 3.0,
  "supertrend": 1.141332156558926,
  "ichimoku": 0.2,
  "mfi": 0.8559991174191948,
  "cmf": 1.9487264678164864,
  "fibonacci": 0.6933655125668505,
  "relative_strength": 1.724522552025734,
  "weekly_trend": 0.2228285895995253
}