{
  "rsi": 0.9534249826236616,
  "stoch_rsi": 0.8368451445930788,
  "macd": 0.5945986665474896,
  "bollinger": 1.613689096527866,
  "obv": 0.22588765729323412,
  "vwap": 0.7700045180772505,
  "volume_surge": 0.6161099382803111,
  "sma_cross": 1.5829865651652242,
  "breakout": 0.9701009524498969,
  "candle_pattern": 0.2,
  "oil_correlation": 1.0060799760804546,
  "adx": 0.9212470929150405,
  "supertrend": 0.28596969194688154,
  "ichimoku": 0.2,
  "mfi": 0.8233415569628362,
  "cmf": 0.8866373400645675,
  "fibonacci": 0.4580449906492817,
  "relative_strength": 0.25484272824803494,
  "weekly_trend": 0.2
}