{
  "rsi": 0.960693043575437,
  "stoch_rsi": 0.8454098783463845,
  "macd": 1.0591640805419196,
  "bollinger": 0.7685544348603495,
  "obv": 0.48637137731607466,
  "vwap": 0.8624621798698483,
  "volume_surge": 3.0,
  "sma_cross": 0.8646237392178934,
  "breakout": 2.358454519952596,
  "candle_pattern": 0.6052366174525253,
  "oil_correlation": 0.7686625128277518,
  "adx": 3.0,
  "supertrend": 1.1528316522905242,
  "ichimoku": 0.2925773697093922,
  "mfi": 0.8646237392178933,
  "cmf": 2.2488070835460494,
  "fibonacci": 0.722657060512946,
  "relative_strength": 1.900960043911492,
  "weekly_trend": 0.38035058062220994
}