{
  "rsi": 0.9443366293130757,
  "stoch_rsi": 0.8667294141853855,
  "macd": 0.7058814119519997,
  "bollinger": 1.5983068935124518,
  "obv": 0.29842509371053494,
  "vwap": 0.7626645875755598,
  "volume_surge": 0.7433929444686251,
  "sma_cross": 1.6395160169760488,
  "breakout": 1.2816214533923143,
  "candle_pattern": 0.2,
  "oil_correlation": 1.0434155474645213,
  "adx": 1.0946489233145882,
  "supertrend": 0.2961818505817088,
  "ichimoku": 0.2,
  "mfi": 0.827911878849763,
  "cmf": 0.9182997204610974,
  "fibonacci": 0.5274614039994592,
  "relative_strength": 0.3167849574407721,
  "weekly_trend": 0.2
}