{
  "rsi": 0.9678705718929859,
  "stoch_rsi": 0.8495244024908043,
  "macd": 0.603607585207662,
  "bollinger": 1.6381385186865782,
  "obv": 0.22931013979341835,
  "vwap": 0.7816710563014313,
  "volume_surge": 0.6254447797994148,
  "sma_cross": 1.6069708053057634,
  "breakout": 0.9847992036644899,
  "candle_pattern": 0.2,
  "oil_correlation": 1.0213233548165104,
  "adx": 0.9352051466291235,
  "supertrend": 0.2903024929418503,
  "ichimoku": 0.2,
  "mfi": 0.8358162185009907,
  "cmf": 0.9000710124340218,
  "fibonacci": 0.46498494913828936,
  "relative_strength": 0.2587039165403899,
  "weekly_trend": 0.2
}