{
  "rsi": 0.977317511214774,
  "stoch_rsi": 0.9353397482400649,
  "macd": 1.0826617898086621,
  "bollinger": 1.6284058386875846,
  "obv": 0.9969038118521891,
  "vwap": 0.9828512501177877,
  "volume_surge": 1.2419916584751003,
  "sma_cross": 1.7185429565358028,
  "breakout": 2.143167203451507,
  "candle_pattern": 0.2,
  "oil_correlation": 1.1770702981551482,
  "adx": 2.502279253231312,
  "supertrend": 0.38723711489982315,
  "ichimoku": 0.2,
  "mfi": 0.9489308037536083,
  "cmf": 1.2999915534496764,
  "fibonacci": 0.8022049352905121,
  "relative_strength": 1.043157843274468,
  "weekly_trend": 0.5557353649258672
}