{
  "rsi": 0.963174733874821,
  "stoch_rsi": 0.8580837882788862,
  "macd": 0.6283998405834519,
  "bollinger": 1.6301907275681609,
  "obv": 0.25366318540959515,
  "vwap": 0.7778786063907989,
  "volume_surge": 0.6611984797449139,
  "sma_cross": 1.6231618447067129,
  "breakout": 1.0410954849216119,
  "candle_pattern": 0.2,
  "oil_correlation": 1.0316137014888618,
  "adx": 0.9592288305722994,
  "supertrend": 0.2932274366221563,
  "ichimoku": 0.2,
  "mfi": 0.8317610713676716,
  "cmf": 0.909139680749498,
  "fibonacci": 0.49145532227681216,
  "relative_strength": 0.28188594151393476,
  "weekly_trend": 0.2
}