{
  "rsi": 0.9801495006250001,
  "stoch_rsi": 0.7841196005000001,
  "macd": 0.9801495006250001,
  "bollinger": 0.7841196005000001,
  "obv": 0.6788025366578437,
  "vwap": 0.8799292141860936,
  "volume_surge": 1.9677040307272216,
  "sma_cross": 0.8821345505625001,
  "breakout": 1.5752791247882394,
  "candle_pattern": 0.61749418539375,
  "oil_correlation": 0.49007475031250003,
  "adx": 1.8037286948332862,
  "supertrend": 1.17617940075,
  "ichimoku": 0.5718375964677617,
  "mfi": 0.8821345505625,
  "cmf": 1.3118026871514814,
  "fibonacci": 0.7039433713488751,
  "relative_strength": 1.5684597346376408,
  "weekly_trend": 0.7433888754080902
}