{
  "rsi": 1.0116165,
  "stoch_rsi": 1.1807487865125001,
  "macd": 0.46689857629918957,
  "bollinger": 1.4346904999999999,
  "obv": 0.6745229278471112,
  "vwap": 0.9495259304124998,
  "volume_surge": 0.7325581817611878,
  "sma_cross": 1.5984594978686133,
  "breakout": 1.1779694558742138,
  "candle_pattern": 0.5560674191734374,
  "oil_correlation": 0.793413,
  "adx": 1.0804717066273593,
  "supertrend": 0.280293050755621,
  "ichimoku": 0.7815938198175624,
  "mfi": 0.762966,
  "cmf": 1.3986714999999998,
  "fibonacci": 0.5705026574655608,
  "relative_strength": 0.7550937148801745,
  "weekly_trend": 0.7934322623616776
}