{
  "rsi": 1.0233485231616188,
  "stoch_rsi": 1.0284019323940767,
  "macd": 0.9451946402855279,
  "bollinger": 1.73203595864409,
  "obv": 1.1172661065000407,
  "vwap": 0.9908217856603749,
  "volume_surge": 1.1939018578544445,
  "sma_cross": 1.7237919820842986,
  "breakout": 2.121472960041245,
  "candle_pattern": 0.2,
  "oil_correlation": 1.1307172955034126,
  "adx": 2.450374824924113,
  "supertrend": 0.3114064723889173,
  "ichimoku": 0.2,
  "mfi": 0.8704689944205759,
  "cmf": 1.123029952839587,
  "fibonacci": 0.8731089067589999,
  "relative_strength": 1.1159257617803309,
  "weekly_trend": 0.6616681412379626
}