{
  "rsi": 0.9834579999999999,
  "stoch_rsi": 1.306435,
  "macd": 0.43183,
  "bollinger": 1.276386,
  "obv": 0.6783476157774877,
  "vwap": 1.0479022061291325,
  "volume_surge": 0.7921026263874594,
  "sma_cross": 1.4277026945999998,
  "breakout": 1.171426587412141,
  "candle_pattern": 0.7485108396591874,
  "oil_correlation": 0.5444640000000001,
  "adx": 0.98477408716059,
  "supertrend": 0.27335544825814584,
  "ichimoku": 0.8479811369602512,
  "mfi": 0.7135144999999999,
  "cmf": 1.703042,
  "fibonacci": 0.6589044305432086,
  "relative_strength": 0.7290778426792858,
  "weekly_trend": 0.8246996316667855
}