{
  "rsi": 0.9791795,
  "stoch_rsi": 1.327728,
  "macd": 0.4709335,
  "bollinger": 1.244546,
  "obv": 0.8315215,
  "vwap": 1.0571875,
  "volume_surge": 0.880973,
  "sma_cross": 1.0594759999999999,
  "breakout": 1.2327054999999998,
  "candle_pattern": 0.831422,
  "oil_correlation": 0.48804749999999997,
  "adx": 1.1103204999999998,
  "supertrend": 0.26927558402346197,
  "ichimoku": 1.0621625,
  "mfi": 0.7184895,
  "cmf": 1.7946815,
  "fibonacci": 0.7151065,
  "relative_strength": 0.8922165000000001,
  "weekly_trend": 1.0271385
}