{
  "rsi": 0.9732431660746186,
  "stoch_rsi": 0.9346938199953325,
  "macd": 0.8086724719115571,
  "bollinger": 1.6472317319010172,
  "obv": 0.5715370854129462,
  "vwap": 0.8606185956010611,
  "volume_surge": 0.9466855216686627,
  "sma_cross": 1.6643567495070348,
  "breakout": 1.6569554748825495,
  "candle_pattern": 0.2,
  "oil_correlation": 1.0592246071289975,
  "adx": 1.5971146009364512,
  "supertrend": 0.30066937864160714,
  "ichimoku": 0.2,
  "mfi": 0.8404557865205557,
  "cmf": 1.0053888335594636,
  "fibonacci": 0.6717040807566984,
  "relative_strength": 0.5798054846800105,
  "weekly_trend": 0.3488635170960796
}