{
  "rsi": 0.918316468354365,
  "stoch_rsi": 0.2,
  "macd": 2.5425550138261004,
  "bollinger": 0.734653174683492,
  "obv": 0.23999085682636329,
  "vwap": 0.7478063940763102,
  "volume_surge": 3.0,
  "sma_cross": 1.8951158932260959,
  "breakout": 2.9441824112316177,
  "candle_pattern": 0.2,
  "oil_correlation": 1.2252303751200428,
  "adx": 3.0,
  "supertrend": 1.1019797620252376,
  "ichimoku": 0.2,
  "mfi": 1.2203637260162312,
  "cmf": 3.0,
  "fibonacci": 0.6111378353057373,
  "relative_strength": 1.5718304483370504,
  "weekly_trend": 0.2
}