{
  "rsi": 0.9322301194154049,
  "stoch_rsi": 0.2956841522848377,
  "macd": 2.0982487477605525,
  "bollinger": 0.7457840955323238,
  "obv": 0.3675731741535887,
  "vwap": 0.7708705045078271,
  "volume_surge": 3.0,
  "sma_cross": 1.5671500234035836,
  "breakout": 2.8197958442615847,
  "candle_pattern": 0.20850772806858636,
  "oil_correlation": 1.2724236914665579,
  "adx": 3.0,
  "supertrend": 1.1186761432984855,
  "ichimoku": 0.2,
  "mfi": 0.8390071074738644,
  "cmf": 3.0,
  "fibonacci": 0.6116416748036962,
  "relative_strength": 1.7748044140938024,
  "weekly_trend": 0.2
}