{
  "rsi": 0.9486330000000001,
  "stoch_rsi": 1.3345935,
  "macd": 0.5274495,
  "bollinger": 1.1925074999999998,
  "obv": 0.9244545000000001,
  "vwap": 1.0235565,
  "volume_surge": 1.0283325,
  "sma_cross": 1.0359939999999999,
  "breakout": 1.3307129999999998,
  "candle_pattern": 0.8792815,
  "oil_correlation": 0.4733215,
  "adx": 1.134897,
  "supertrend": 0.26393032921110143,
  "ichimoku": 1.1353945,
  "mfi": 0.7541105,
  "cmf": 1.7292105,
  "fibonacci": 0.723564,
  "relative_strength": 0.964951,
  "weekly_trend": 1.067635
}