{
  "rsi": 0.979279,
  "stoch_rsi": 1.0625605,
  "macd": 0.8364965,
  "bollinger": 1.5304095,
  "obv": 0.9963930000000001,
  "vwap": 0.8855500000000001,
  "volume_surge": 1.1201709999999998,
  "sma_cross": 1.713987,
  "breakout": 1.4116065,
  "candle_pattern": 0.8316209999999999,
  "oil_correlation": 0.8452525000000001,
  "adx": 1.7986615000000001,
  "supertrend": 0.2901749613286739,
  "ichimoku": 1.0319144999999998,
  "mfi": 1.09251,
  "cmf": 1.0579835,
  "fibonacci": 0.8660479999999999,
  "relative_strength": 1.0402725000000002,
  "weekly_trend": 0.901271
}