{
  "rsi": 0.999753506866955,
  "stoch_rsi": 1.0235300848289788,
  "macd": 0.9581182299262241,
  "bollinger": 1.7361312946520937,
  "obv": 1.0999625050116302,
  "vwap": 1.0428557218672072,
  "volume_surge": 1.2004440130341267,
  "sma_cross": 1.701793001690431,
  "breakout": 2.111180165044093,
  "candle_pattern": 0.2,
  "oil_correlation": 1.1595023768213952,
  "adx": 2.481681008449031,
  "supertrend": 0.3271850430264692,
  "ichimoku": 0.2,
  "mfi": 0.9103151784366936,
  "cmf": 1.1729182325113148,
  "fibonacci": 0.8489586357649994,
  "relative_strength": 1.0723949261496208,
  "weekly_trend": 0.5928976390071379
}