{
  "rsi": 0.9582160629383534,
  "stoch_rsi": 0.8410503965759586,
  "macd": 0.5975865995452156,
  "bollinger": 1.6217980869626796,
  "obv": 0.227022771148979,
  "vwap": 0.7738738875148246,
  "volume_surge": 0.6192059681209157,
  "sma_cross": 1.5909412715228384,
  "breakout": 0.9749758316079365,
  "candle_pattern": 0.2,
  "oil_correlation": 1.0111356543522156,
  "adx": 0.925876475291498,
  "supertrend": 0.28740672557475533,
  "ichimoku": 0.2,
  "mfi": 0.8274789517214434,
  "cmf": 0.8910928040849925,
  "fibonacci": 0.4603467242706349,
  "relative_strength": 0.25612334497289946,
  "weekly_trend": 0.2
}