{
  "rsi": 0.9429615,
  "stoch_rsi": 1.32136,
  "macd": 0.544862,
  "bollinger": 1.1626575000000001,
  "obv": 0.9757965000000001,
  "vwap": 1.0203725000000001,
  "volume_surge": 1.0625605,
  "sma_cross": 1.1003705000000001,
  "breakout": 1.3666325,
  "candle_pattern": 0.8669435,
  "oil_correlation": 0.5373,
  "adx": 1.1645480000000001,
  "supertrend": 0.2612976241772207,
  "ichimoku": 1.189821,
  "mfi": 0.7829655000000001,
  "cmf": 1.722942,
  "fibonacci": 0.7700305000000001,
  "relative_strength": 1.0350985,
  "weekly_trend": 1.1296235
}