{
  "rsi": 1.0063101499999998,
  "stoch_rsi": 1.1270162499999998,
  "macd": 0.8342112499999998,
  "bollinger": 1.5813818,
  "obv": 1.0271195499999999,
  "vwap": 0.99012185,
  "volume_surge": 1.0722531499999999,
  "sma_cross": 1.6945852499999998,
  "breakout": 1.4197655,
  "candle_pattern": 0.8960969999999999,
  "oil_correlation": 0.7658515,
  "adx": 1.94707455,
  "supertrend": 0.2820167872996042,
  "ichimoku": 1.247133,
  "mfi": 1.07786195,
  "cmf": 1.13013335,
  "fibonacci": 0.9514104000000001,
  "relative_strength": 1.1538474499999998,
  "weekly_trend": 0.75606295
}