{
  "rsi": 0.9413525657510692,
  "stoch_rsi": 0.7939704640319124,
  "macd": 1.282305362951899,
  "bollinger": 1.4557217194321206,
  "obv": 0.8317005226155172,
  "vwap": 0.8866639630679041,
  "volume_surge": 1.3085926163998134,
  "sma_cross": 1.7453931673253,
  "breakout": 2.1647606913477,
  "candle_pattern": 0.2,
  "oil_correlation": 1.1889298736447547,
  "adx": 2.535298280411002,
  "supertrend": 0.48350070504264364,
  "ichimoku": 0.2,
  "mfi": 1.01083172761275,
  "cmf": 1.5036903385756113,
  "fibonacci": 0.7272586608367695,
  "relative_strength": 0.9962907415231588,
  "weekly_trend": 0.4961641659757453
}