{
  "rsi": 0.9703725093562657,
  "stoch_rsi": 0.8539278082335139,
  "macd": 1.0188911348240792,
  "bollinger": 0.7762980074850125,
  "obv": 0.6065084119226003,
  "vwap": 0.8711519202745873,
  "volume_surge": 2.5763307520448984,
  "sma_cross": 0.8733352584206392,
  "breakout": 1.972850630130873,
  "candle_pattern": 0.6113346808944474,
  "oil_correlation": 0.6137606121678381,
  "adx": 2.3616365227078235,
  "supertrend": 1.1644470112275187,
  "ichimoku": 0.4090314656300644,
  "mfi": 0.8733352584206391,
  "cmf": 1.7175538346965993,
  "fibonacci": 0.7683559936821862,
  "relative_strength": 1.517876025936976,
  "weekly_trend": 0.5317409053190838
}