{
  "rsi": 0.9137248860125932,
  "stoch_rsi": 0.2,
  "macd": 2.5298422387569697,
  "bollinger": 0.7309799088100746,
  "obv": 0.23879090254223148,
  "vwap": 0.7440673621059287,
  "volume_surge": 2.985,
  "sma_cross": 1.8856403137599653,
  "breakout": 2.9294614991754595,
  "candle_pattern": 0.2,
  "oil_correlation": 1.2191042232444427,
  "adx": 2.985,
  "supertrend": 1.0964698632151115,
  "ichimoku": 0.2,
  "mfi": 1.21426190738615,
  "cmf": 2.985,
  "fibonacci": 0.6080821461292086,
  "relative_strength": 1.5639712960953651,
  "weekly_trend": 0.2
}