{
  "rsi": 0.9881633999999999,
  "stoch_rsi": 1.0626752000000002,
  "macd": 0.85326425,
  "bollinger": 1.6266139,
  "obv": 0.97135235,
  "vwap": 0.8680744499999999,
  "volume_surge": 1.08109165,
  "sma_cross": 1.78289865,
  "breakout": 1.3866319999999999,
  "candle_pattern": 0.8237477045108905,
  "oil_correlation": 0.840178,
  "adx": 1.90389155,
  "supertrend": 0.2916331269634913,
  "ichimoku": 0.976294,
  "mfi": 1.1433982,
  "cmf": 1.0454292499999998,
  "fibonacci": 0.8504008999999999,
  "relative_strength": 0.9976855,
  "weekly_trend": 0.8262760999999998
}