{
  "rsi": 0.9752487531218751,
  "stoch_rsi": 0.7801990024975001,
  "macd": 1.024011190777969,
  "bollinger": 0.7801990024975001,
  "obv": 0.6416380977758268,
  "vwap": 0.8755295681151631,
  "volume_surge": 2.251545337159623,
  "sma_cross": 0.8777238778096876,
  "breakout": 1.8025131385389428,
  "candle_pattern": 0.6144067144667813,
  "oil_correlation": 0.5363868142170314,
  "adx": 2.0639165590629878,
  "supertrend": 1.1702985037462499,
  "ichimoku": 0.4836316472126094,
  "mfi": 0.8777238778096875,
  "cmf": 1.5010302247730825,
  "fibonacci": 0.7354448372167373,
  "relative_strength": 1.79471005135912,
  "weekly_trend": 0.6287211413763923
}