{
  "rsi": 0.9998262475,
  "stoch_rsi": 1.29549,
  "macd": 0.40665650000000003,
  "bollinger": 1.336285,
  "obv": 0.8392825,
  "vwap": 0.9974875,
  "volume_surge": 0.8583865,
  "sma_cross": 1.574602290055487,
  "breakout": 1.2569835,
  "candle_pattern": 0.71441,
  "oil_correlation": 0.638591,
  "adx": 1.175294,
  "supertrend": 0.27610964193646204,
  "ichimoku": 1.037785,
  "mfi": 0.7302305,
  "cmf": 1.6106065,
  "fibonacci": 0.6440635,
  "relative_strength": 0.9310215,
  "weekly_trend": 1.0352975
}