{
  "rsi": 0.9742836025,
  "stoch_rsi": 1.3395685,
  "macd": 0.485162,
  "bollinger": 1.2345959999999998,
  "obv": 0.8681375,
  "vwap": 1.0534065,
  "volume_surge": 0.9094300000000001,
  "sma_cross": 1.007139,
  "breakout": 1.2645454999999999,
  "candle_pattern": 0.8581875,
  "oil_correlation": 0.482973,
  "adx": 1.137484,
  "supertrend": 0.26792920610334464,
  "ichimoku": 1.1122109999999998,
  "mfi": 0.725355,
  "cmf": 1.8163725,
  "fibonacci": 0.730728,
  "relative_strength": 0.9328125,
  "weekly_trend": 1.0750975
}