{
  "rsi": 0.9275689688183278,
  "stoch_rsi": 0.23898945909990013,
  "macd": 2.329408194885571,
  "bollinger": 0.7420551750546622,
  "obv": 0.3355140283166989,
  "vwap": 0.7553409197508247,
  "volume_surge": 3.0,
  "sma_cross": 1.740191035787522,
  "breakout": 2.973846530372079,
  "candle_pattern": 0.2,
  "oil_correlation": 1.266061573009225,
  "adx": 3.0,
  "supertrend": 1.113082762581993,
  "ichimoku": 0.2,
  "mfi": 0.9744343909678738,
  "cmf": 2.9446061056553217,
  "fibonacci": 0.6172953564866921,
  "relative_strength": 1.7640749232898725,
  "weekly_trend": 0.2
}